{
  "core": {
    "magic": "APF_VER_1",
    "metadata": {
      "platform_ids": [
        "camera"
      ],
      "shortname": "Camera",
      "description": "Game Boy Color",
      "author": "agg23",
      "url": "https://github.com/budude2/openfpga-GBC",
      "version": "1.2.2",
      "date_release": "2024-06-17"
    },
    "framework": {
      "target_product": "Analogue Pocket",
      "version_required": "1.1",
      "sleep_supported": false,
      "dock": {
        "supported": true,
        "analog_output": false
      },
      "hardware": {
        "link_port": true,
        "cartridge_adapter": 0
      }
    },
    "cores": [
      {
        "name": "default",
        "id": 0,
        "filename": "camera.rev"
      }
    ]
  }
}