{
  "data": {
    "magic": "APF_VER_1",
    "data_slots": [
      {
        "name": "Cartridge",
        "id": 1,
        "required": true,
        "parameters": "0x109",
        "extensions": ["gbc", "gb"],
        "address": "0x10000000"
      },
      {
        "name": "Save",
        "id": 18,
        "required": false,
        "parameters": "0x84",
        "nonvolatile": true,
        "extensions": ["sav", "srm"],
        "address": "0x20000000",
        "size_maximum": "0x20050"
      },
      {
        "name": "GBC BIOS",
        "filename": "gbc_bios.bin",
        "id": 4,
        "required": true,
        "parameters": 136,
        "nonvolatile": false,
        "extensions": ["bin"],
        "size_exact": 2304,
        "size_maximum": 2304,
        "address": "0x10000000"
      }
    ]
  }
}