{
  "input": {
    "magic": "APF_VER_1",
    "controllers": [
      {
        "type": "default",
        "mappings": [
          {
            "id": 0,
            "name": "A Button",
            "key": "pad_btn_a"
          },
          {
            "id": 1,
            "name": "B Button",
            "key": "pad_btn_b"
          },
          {
            "id": 2,
            "name": "Start",
            "key": "pad_btn_start"
          },
          {
            "id": 3,
            "name": "Select",
            "key": "pad_btn_select"
          },
          {
            "id": 4,
            "name": "Fastforward",
            "key": "pad_trig_r"
          }

        ]
      }
    ]
  }
}
